seed,nsga_covers_weighted,weighted_covers_nsga,nsga_front_size,weighted_front_size
37000,0.10643564356435643,0.08022388059701492,536,404
37001,0.10540540540540541,0.14760914760914762,481,370
37002,0.036585365853658534,0.16934046345811052,561,410
37003,0.038901601830663615,0.15483870967741936,465,437
37004,0.097799511002445,0.1871345029239766,513,409
37005,0.03723404255319149,0.16068052930056712,529,376
37006,0.03524229074889868,0.22573839662447256,474,454
37007,0.06116207951070336,0.11041666666666666,480,327
37008,0.09069767441860466,0.15080789946140036,557,430
37009,0.09090909090909091,0.124282982791587,523,374
37010,0.07013574660633484,0.17525773195876287,582,442
37011,0.07547169811320754,0.10954063604240283,566,371
37012,0.04935064935064935,0.15163147792706333,521,385
37013,0.06301369863013699,0.15412844036697249,545,365
37014,0.050239234449760764,0.1237721021611002,509,418
37015,0.09158415841584158,0.18932038834951456,618,404
37016,0.09090909090909091,0.17753623188405798,552,429
37017,0.043795620437956206,0.14904679376083188,577,411
37018,0.0661764705882353,0.14744801512287334,529,408
37019,0.020202020202020204,0.18269230769230768,520,396
