method,seed,score,front_size,seconds,evaluations,feasible
NSGA-II,37000,0.3345968685463993,536,0.8865529810000226,4256,1
NSGA-II,37001,0.33479955636699754,481,0.7516140339999993,4256,1
NSGA-II,37002,0.33366021584171607,561,0.8846917049999661,4256,1
NSGA-II,37003,0.339746065385384,465,0.7804038819999732,4256,1
NSGA-II,37004,0.3347232050662847,513,0.8005241959999694,4256,1
NSGA-II,37005,0.33248235044300845,529,0.8365751110000019,4256,1
NSGA-II,37006,0.3376286598161348,474,0.7398280749999913,4256,1
NSGA-II,37007,0.3375117746985544,480,0.7564977329999465,4256,1
NSGA-II,37008,0.3319694827959496,557,0.8740033629999857,4256,1
NSGA-II,37009,0.33396344659749516,523,0.7602430919999961,4256,1
NSGA-II,37010,0.3328625778595696,582,0.9005450450000012,4256,1
NSGA-II,37011,0.3329949963776564,566,0.8532660309999756,4256,1
NSGA-II,37012,0.3340598498601026,521,0.8376106100000129,4256,1
NSGA-II,37013,0.3366638600443008,545,0.7969693140000231,4256,1
NSGA-II,37014,0.336244982845913,509,0.8256711789999827,4256,1
NSGA-II,37015,0.3368549636516554,618,0.8963976320000029,4256,1
NSGA-II,37016,0.33584604102824595,552,0.8555115619999469,4256,1
NSGA-II,37017,0.33200397937345943,577,0.8659447010000463,4256,1
NSGA-II,37018,0.3383327039337819,529,0.8066652780000254,4256,1
NSGA-II,37019,0.33669079445906336,520,0.8204355910000345,4256,1
Weighted-GA,37000,0.32838337302644727,404,0.5595845870000176,4256,1
Weighted-GA,37001,0.32838337302644727,370,0.5037058489999708,4256,1
Weighted-GA,37002,0.32838337302644727,410,0.5653810769999836,4256,1
Weighted-GA,37003,0.32838337302644727,437,0.637230269999975,4256,1
Weighted-GA,37004,0.32838337302644727,409,0.5995505280000089,4256,1
Weighted-GA,37005,0.32838337302644727,376,0.48246144600000207,4256,1
Weighted-GA,37006,0.32838337302644727,454,0.6572324640000033,4256,1
Weighted-GA,37007,0.32838337302644727,327,0.4246570739999811,4256,1
Weighted-GA,37008,0.32838337302644727,430,0.594858381999984,4256,1
Weighted-GA,37009,0.32838337302644727,374,0.5085453179999604,4256,1
Weighted-GA,37010,0.32838337302644727,442,0.6482483380000303,4256,1
Weighted-GA,37011,0.32838337302644727,371,0.5078162099999872,4256,1
Weighted-GA,37012,0.32838337302644727,385,0.5304552470000203,4256,1
Weighted-GA,37013,0.32838337302644727,365,0.5138666299999954,4256,1
Weighted-GA,37014,0.32838337302644727,418,0.6314725300000532,4256,1
Weighted-GA,37015,0.32838337302644727,404,0.5609995050000407,4256,1
Weighted-GA,37016,0.32838337302644727,429,0.5772148580000476,4256,1
Weighted-GA,37017,0.32838337302644727,411,0.5558069559999694,4256,1
Weighted-GA,37018,0.32838337302644727,408,0.5366110449999724,4256,1
Weighted-GA,37019,0.32838337302644727,396,0.5366957719999164,4256,1
